{"cameraMode":{"drawMode":0,"name":"Shaded","section":"Shading Mode"},"sceneLighting":true,"audioPlay":false,"sceneViewState":{"m_AlwaysRefresh":false,"showFog":true,"showSkybox":true,"showFlares":true,"showImageEffects":true,"showParticleSystems":true,"showVisualEffectGraphs":true,"m_FxEnabled":true},"in2DMode":false,"pivot":{"x":-35.340003967285159,"y":1.0432043075561524,"z":0.04016042500734329},"rotation":{"x":-0.0035861190408468248,"y":0.06924501806497574,"z":-0.00023842926020734012,"w":-0.9976009130477905},"size":0.7026447057723999,"orthographic":true}